name,min,median,max
A,1786.165,1794.8370000000002,1807.391
B,1782.901,1792.965,1810.074
C,1788.896,1793.6129999999996,1796.6429999999998
D,1787.257,1790.546,1798.328
E,1794.174,1798.694,1811.183
F,1787.019,1798.4160000000004,1806.387
G,1784.283,1804.526,1813.106
H,1787.317,1800.7279999999996,1805.615
