name,min,median,max
A,1786.165,1794.8370000000002,1807.391
B,1782.901,1792.965,1810.074
C,1788.896,1793.6129999999996,1796.6429999999998
D,1794.174,1798.694,1811.183
E,1791.648,1800.1370000000004,1812.435
F,1796.674,1806.654,1828.625
