name,min,median,max
A,1786.165,1794.8370000000002,1807.391
B,1782.901,1792.965,1810.0739999999998
C,1788.896,1793.6129999999998,1796.6429999999998
D,1796.674,1806.654,1828.625
